,country,ISO,firstcase,firstdeath,total_cases,new_cases,total_deaths,new_deaths,total_cases_per_million,new_cases_per_million,total_deaths_per_million,new_deaths_per_million,total_tests,new_tests,total_tests_per_thousand,new_tests_per_thousand,tests_units,population,population_density,median_age,aged_65_older,aged_70_older,gdp_per_capita,extreme_poverty,cvd_death_rate,diabetes_prevalence,female_smokers,male_smokers,handwashing_facilities,hospital_beds_per_100k,freepress,Region,democracy_cat,democracy,stringencyindex,daystomoststingent,C8_International_travel_controls_4,C8_International_travel_controls_3,C8_International_travel_controls_2,C8_International_travel_controls_1,C7_Restrictions_on_internal_movement_2,C7_Restrictions_on_internal_movement_1,C6_Stay_at_home_requirements_3,C6_Stay_at_home_requirements_2,C6_Stay_at_home_requirements_1,C5_Close_public_transport_2,C5_Close_public_transport_1,C4_Restrictions_on_gatherings_4,C4_Restrictions_on_gatherings_3,C4_Restrictions_on_gatherings_2,C4_Restrictions_on_gatherings_1,C3_Cancel_public_events_2,C3_Cancel_public_events_1,C2_Workplace_closing_3,C2_Workplace_closing_2,C2_Workplace_closing_1,C1_School_closing_3,C1_School_closing_2,C1_School_closing_1
0,Afghanistan,AFG,2020-02-25,2020-03-24,6402.0,1063.0,168.0,32.0,164.0,27.307,4.0,0.8220000000000001,,,,,,38928341.0,54.422,18.6,2.5810000000000004,1.337,1803.987,,597.029,9.59,,,37.746,0.5,37.7,Asia,NF,27.0,76.33,47.0,,,,6.0,47.0,29.0,,29.0,,32.0,,40.0,,,,5.0,,28.0,,,18.0,,
1,Angola,AGO,2020-03-22,2020-03-30,48.0,0.0,2.0,0.0,1.0,0.0,0.0,0.0,,,,,,32866268.0,23.89,16.8,2.405,1.3619999999999999,5819.495,,276.045,3.94,,,26.664,,33.92,SSA,NF,32.0,93.38,5.0,-2.0,-21.0,-45.0,,5.0,,,5.0,,5.0,,5.0,,2.0,,5.0,,5.0,,2.0,3.0,,2.0
2,Albania,ALB,2020-03-09,2020-03-12,916.0,18.0,31.0,0.0,318.0,6.255,11.0,0.0,,,,,,2877800.0,104.87100000000001,38.0,13.187999999999999,8.642999999999999,11803.431,1.1,304.195,10.08,7.1,51.2,,2.89,30.25,Europe,PF,67.0,88.36,40.0,6.0,,2.0,-13.0,4.0,,,4.0,,4.0,,40.0,0.0,,,0.0,,,0.0,,0.0,,
3,Andorra,AND,2020-03-03,2020-03-27,761.0,0.0,49.0,0.0,9849.0,0.0,634.0,0.0,,,,,,77265.0,163.755,,,,,,109.135,7.97,29.0,37.8,,,23.23,Europe,F,94.0,61.77,36.0,,36.0,,,,,,,10.0,,22.0,,,,,,10.0,11.0,,,13.0,,
4,United Arab Emirates,ARE,2020-01-27,2020-03-22,21831.0,747.0,210.0,2.0,2207.0,75.528,21.0,0.20199999999999999,,,,,,9890400.0,112.44200000000001,34.0,1.1440000000000001,0.526,67293.483,,317.84,17.26,1.2,37.4,,1.2,42.69,MENA,NF,17.0,91.54,68.0,58.0,28.0,,-4.0,56.0,,,56.0,,68.0,59.0,60.0,,,,49.0,48.0,,58.0,34.0,41.0,34.0,
5,Argentina,ARG,2020-03-04,2020-03-08,7466.0,345.0,356.0,3.0,165.0,7.632999999999999,8.0,0.066,100362.0,3469.0,2.221,0.077,tests performed,45195777.0,16.177,31.9,11.198,7.441,18933.907,0.6,191.032,5.5,16.2,27.7,,5.0,28.78,Americas,F,85.0,100.0,19.0,12.0,,7.0,,16.0,,15.0,,,19.0,,15.0,,,,7.0,,15.0,,,12.0,,
6,Australia,AUS,2020-01-25,2020-03-01,7019.0,30.0,98.0,0.0,275.0,1.176,4.0,0.0,1015652.0,31836.0,39.83,1.248,tests performed,25499881.0,3.202,37.9,15.504000000000001,10.129,44648.71,0.5,107.791,5.07,13.0,16.5,,3.84,20.21,Asia,F,97.0,71.44,64.0,55.0,7.0,,,54.0,,,68.0,59.0,,,64.0,59.0,51.0,,53.0,51.0,,58.0,,59.0,,
7,Austria,AUT,2020-02-26,2020-03-13,16068.0,63.0,628.0,2.0,1784.0,6.995,70.0,0.222,357393.0,6042.0,39.681999999999995,0.6709999999999999,tests performed,9006400.0,106.749,44.4,19.202,13.748,45436.685999999994,0.7,145.183,6.35,28.4,30.9,,7.37,15.78,Europe,F,93.0,84.79,19.0,,12.0,,,16.0,,,,9.0,,16.0,19.0,,72.0,,14.0,,19.0,,15.0,19.0,,
8,Azerbaijan,AZE,2020-02-29,2020-03-21,2980.0,101.0,36.0,1.0,294.0,9.961,4.0,0.099,,,,,,10139175.0,119.309,32.4,6.018,3.8710000000000004,15847.419,,559.812,7.11,0.3,42.5,83.241,4.7,58.48,Eurasia,NF,10.0,92.86,47.0,47.0,0.0,,-30.0,19.0,,31.0,,,,31.0,14.0,,,,14.0,10.0,31.0,23.0,,3.0,,
9,Burundi,BDI,2020-04-01,2020-04-15,27.0,0.0,1.0,0.0,2.0,0.0,0.0,0.0,,,,,,11890781.0,423.06199999999995,17.5,2.562,1.504,702.225,71.7,293.068,6.05,,,6.144,0.8,55.33,SSA,NF,13.0,22.22,13.0,3.0,-10.0,-27.0,,,,,,,,,,,,,,,,,,,,
10,Belgium,BEL,2020-02-04,2020-03-12,54644.0,356.0,8959.0,56.0,4715.0,30.717,773.0,4.832,,,,,,11589616.0,375.564,41.8,18.570999999999998,12.849,42658.575999999994,0.2,114.898,4.29,25.1,31.4,,5.64,12.57,Europe,F,96.0,83.6,45.0,45.0,,,29.0,39.0,,,43.0,,,,43.0,,,,39.0,35.0,43.0,39.0,38.0,,39.0,
11,Benin,BEN,2020-03-17,2020-04-07,339.0,0.0,2.0,0.0,28.0,0.0,0.0,0.0,,,,,,12123198.0,99.11,18.8,3.2439999999999998,1.942,2064.236,49.6,235.84799999999998,0.99,0.6,12.3,11.035,0.5,35.11,SSA,PF,66.0,58.74,13.0,,,-1.0,-45.0,13.0,,,,,,13.0,13.0,,,,0.0,,,,,-3.0,,
12,Burkina Faso,BFA,2020-03-11,2020-03-19,782.0,9.0,51.0,0.0,37.0,0.431,2.0,0.0,,,,,,20903278.0,70.15100000000001,17.6,2.4090000000000003,1.358,1703.102,43.7,269.048,2.42,1.6,23.9,11.877,0.4,23.47,SSA,PF,56.0,88.75,12.0,10.0,,,,10.0,,,10.0,,12.0,,,,,10.0,1.0,,,10.0,,5.0,,
13,Bangladesh,BGD,2020-03-09,2020-03-22,20065.0,1202.0,298.0,15.0,122.0,7.2989999999999995,2.0,0.091,167294.0,6782.0,1.016,0.040999999999999995,samples tested,164689383.0,1265.036,27.5,5.098,3.262,3523.9840000000004,14.8,298.003,8.38,1.0,44.7,34.808,0.8,49.37,Asia,PF,39.0,94.58,33.0,,22.0,7.0,-47.0,10.0,,,10.0,,10.0,,10.0,,,,12.0,7.0,10.0,,,7.0,,
14,Bulgaria,BGR,2020-03-08,2020-03-12,2138.0,38.0,102.0,3.0,308.0,5.468999999999999,15.0,0.43200000000000005,64480.0,1161.0,9.28,0.16699999999999998,tests performed,6948445.0,65.18,44.7,20.801,13.272,18563.307,1.5,424.68800000000005,5.81,30.1,44.4,,7.454,35.06,Europe,F,80.0,75.52,24.0,67.0,10.0,,-34.0,10.0,,,10.0,,,,5.0,,,,5.0,3.0,,,5.0,5.0,-3.0,
15,Bahrain,BHR,2020-02-24,2020-03-17,6583.0,385.0,12.0,2.0,3869.0,226.26,7.0,1.175,230188.0,7646.0,135.279,4.493,units unclear,1701583.0,1935.9070000000002,32.4,2.372,1.3869999999999998,43290.705,,151.689,16.52,5.8,37.6,,2.0,60.13,MENA,NF,11.0,86.77,40.0,40.0,23.0,,15.0,,23.0,,45.0,23.0,,33.0,27.0,23.0,,,23.0,,31.0,23.0,,2.0,,
16,Bosnia and Herzegovina,BIH,2020-03-06,2020-03-22,2237.0,21.0,127.0,4.0,682.0,6.401,39.0,1.219,,,,,,3280815.0,68.49600000000001,42.5,16.569000000000003,10.710999999999999,11713.895,0.2,329.635,10.08,30.2,47.7,97.164,3.5,28.51,Europe,PF,53.0,91.4,49.0,,4.0,,,14.0,10.0,14.0,,,11.0,,12.0,,4.0,,4.0,,11.0,,,5.0,,
17,Belize,BLZ,2020-03-24,2020-04-06,18.0,0.0,2.0,0.0,45.0,0.0,5.0,0.0,,,,,,397621.0,16.426,25.0,3.853,2.279,7824.361999999999,,176.957,17.11,,,90.083,1.3,27.5,Americas,F,86.0,73.42,34.0,-4.0,-9.0,-11.0,-13.0,34.0,,,34.0,,,34.0,,-8.0,,,-8.0,,8.0,,-4.0,-4.0,,
18,Bolivia,BOL,2020-03-12,2020-03-30,3577.0,205.0,164.0,12.0,306.0,17.562,14.0,1.028,,,,,,11673029.0,10.202,25.4,6.704,4.393,6885.829000000001,7.1,204.299,6.89,,,25.383000000000003,1.1,35.37,Americas,PF,63.0,97.35,33.0,19.0,2.0,,,9.0,,,10.0,,4.0,,5.0,,,0.0,0.0,,4.0,,6.0,0.0,,
19,Brazil,BRA,2020-02-26,2020-03-18,218223.0,15305.0,14817.0,824.0,1027.0,72.003,70.0,3.877,,,,,,212559409.0,25.04,33.5,8.552,5.06,14103.452,3.4,177.96099999999998,8.11,10.1,17.9,,2.2,34.05,Americas,F,75.0,75.15,69.0,30.0,22.0,16.0,,20.0,,,69.0,16.0,24.0,22.0,60.0,21.0,17.0,,15.0,,20.0,,16.0,15.0,,
20,Brunei,BRN,2020-03-10,2020-03-29,141.0,0.0,1.0,0.0,322.0,0.0,2.0,0.0,,,,,,437483.0,81.347,32.4,4.591,2.3819999999999997,71809.25099999999,,201.285,12.79,2.0,30.9,,2.7,49.65,Asia,NF,28.0,60.71,32.0,14.0,-40.0,,,,32.0,,,,,,,3.0,,,3.0,,,,,1.0,,
21,Bhutan,BTN,2020-03-06,,21.0,1.0,0.0,0.0,27.0,1.296,0.0,0.0,,,,,,771612.0,21.188000000000002,28.6,4.885,2.977,8708.597,1.5,217.06599999999997,9.75,,,79.807,1.7,28.9,Asia,PF,59.0,84.12,21.0,19.0,,0.0,,21.0,,,,21.0,,21.0,21.0,,,,,21.0,,21.0,,-1.0,,
22,Botswana,BWA,2020-04-01,2020-04-02,24.0,0.0,1.0,0.0,10.0,0.0,0.0,0.0,,,,,,2351625.0,4.044,25.8,3.9410000000000003,2.242,15807.374,,237.372,4.81,5.7,34.4,,1.8,23.56,SSA,F,72.0,87.04,1.0,-13.0,-16.0,,-64.0,1.0,-16.0,,1.0,,,-7.0,1.0,-16.0,,,-16.0,,1.0,,,-13.0,,
23,Central African Republic,CAF,2020-03-16,,301.0,80.0,0.0,0.0,62.0,16.564,0.0,0.0,,,,,,4829764.0,7.479,18.3,3.655,2.251,661.24,,435.727,6.1,,,16.602999999999998,1.0,42.87,SSA,NF,10.0,,,10.0,,,,10.0,,,,,,,,10.0,,,,,,10.0,,10.0,,
24,Canada,CAN,2020-01-26,2020-03-10,74602.0,1201.0,5562.0,90.0,1977.0,31.820999999999998,147.0,2.385,1265502.0,32590.0,33.53,0.863,people tested,37742157.0,4.037,41.4,16.984,10.797,44017.59099999999,0.5,105.59899999999999,7.37,12.0,16.6,,2.5,15.29,Americas,F,98.0,76.73,66.0,52.0,,,-4.0,54.0,,,50.0,,,,57.0,50.0,,,46.0,,52.0,,,50.0,,
25,Switzerland,CHE,2020-02-26,2020-03-06,30431.0,51.0,1594.0,6.0,3516.0,5.893,184.0,0.693,,,,,,8654618.0,214.243,43.1,18.436,12.644,57410.166,,99.73899999999999,5.59,22.6,28.9,,4.53,10.62,Europe,F,96.0,79.49,20.0,,16.0,,,,20.0,,20.0,,,,20.0,,,2.0,-1.0,,20.0,,,16.0,,
26,Chile,CHL,2020-03-04,2020-03-23,39542.0,2502.0,394.0,36.0,2069.0,130.884,21.0,1.883,350325.0,8813.0,18.326,0.461,tests performed,19116209.0,24.281999999999996,35.4,11.087,6.938,22767.037,1.3,127.993,8.46,34.2,41.5,,2.11,27.31,Americas,F,90.0,83.6,21.0,,14.0,,,21.0,,,21.0,,18.0,,,21.0,12.0,,12.0,,12.0,,,11.0,,
27,China,CHN,2020-01-01,2020-01-11,84038.0,9.0,4637.0,0.0,58.0,0.006,3.0,0.0,,,,,,1439323774.0,147.674,38.7,10.640999999999998,5.928999999999999,15308.712,0.7,261.899,9.74,1.9,48.4,,4.34,78.48,Asia,NF,10.0,75.42,55.0,,85.0,55.0,,22.0,,31.0,,22.0,22.0,,21.0,,,,21.0,,25.0,,,25.0,,
28,Cote d'Ivoire,CIV,2020-03-12,2020-03-30,2017.0,46.0,24.0,0.0,76.0,1.744,1.0,0.0,,,,,,26378275.0,76.399,18.7,2.9330000000000003,1.5819999999999999,3601.006,28.2,303.74,2.42,,,19.351,,28.94,SSA,PF,51.0,86.11,12.0,10.0,4.0,,,12.0,,,,11.0,,12.0,,7.0,,,7.0,,,7.0,,4.0,,
29,Cameroon,CMR,2020-03-07,2020-03-25,3105.0,151.0,140.0,1.0,117.0,5.688,5.0,0.038,,,,,,26545864.0,50.885,18.8,3.165,1.919,3364.926,23.8,244.66099999999997,7.2,,,2.735,1.3,43.28,SSA,NF,18.0,76.32,42.0,42.0,11.0,,6.0,,11.0,,,,,11.0,,11.0,,,11.0,,,11.0,,11.0,,
30,Democratic Republic of Congo,COD,2020-03-11,2020-03-22,1369.0,71.0,61.0,11.0,15.0,0.7929999999999999,1.0,0.12300000000000001,,,,,,89561404.0,35.879,17.0,3.02,1.745,808.133,77.1,318.949,6.1,,,4.4719999999999995,,49.09,SSA,NF,18.0,85.85,17.0,13.0,9.0,-5.0,-20.0,7.0,,17.0,,,13.0,11.0,,13.0,,,8.0,,,8.0,,8.0,,
31,Congo,COG,2020-03-16,2020-04-01,391.0,0.0,15.0,0.0,71.0,0.0,3.0,0.0,,,,,,5518092.0,15.405,19.0,3.4019999999999997,2.063,4881.406,37.0,344.094,7.2,1.7,52.3,47.964,,36.56,SSA,NF,20.0,98.02,15.0,5.0,,-13.0,,12.0,,12.0,,,15.0,,,12.0,,,12.0,,12.0,,,12.0,,
32,Colombia,COL,2020-03-07,2020-03-22,14216.0,606.0,546.0,21.0,279.0,11.91,11.0,0.413,,,,,,50882884.0,44.223,32.2,7.646,4.312,13254.948999999999,4.5,124.24,7.44,4.7,13.5,65.38600000000001,1.71,42.66,Americas,PF,66.0,93.38,51.0,18.0,16.0,5.0,,18.0,,,18.0,,,18.0,48.0,10.0,5.0,,5.0,,18.0,,-12.0,9.0,,
33,Cape Verde,CPV,2020-03-21,2020-03-25,326.0,11.0,2.0,0.0,586.0,19.785,4.0,0.0,,,,,,555988.0,135.58,25.7,4.46,3.437,6222.554,,182.21900000000002,2.42,2.1,16.5,,2.1,20.15,SSA,F,92.0,79.63,11.0,-2.0,-23.0,,,-1.0,,,11.0,-1.0,,7.0,,,,,-5.0,,7.0,,,,2.0,
34,Costa Rica,CRI,2020-03-07,2020-03-19,843.0,13.0,8.0,0.0,165.0,2.552,2.0,0.0,13696.0,665.0,2.6889999999999996,0.131,people tested,5094114.0,96.079,33.6,9.468,5.694,15524.995,1.3,137.97299999999998,8.78,6.4,17.4,83.84100000000001,1.13,10.53,Americas,F,91.0,81.61,51.0,10.0,9.0,,,10.0,,,,51.0,14.0,,,51.0,,,3.0,,3.0,,,5.0,,
35,Cuba,CUB,2020-03-12,2020-03-19,1840.0,10.0,79.0,0.0,162.0,0.883,7.0,0.0,,,,,,11326616.0,110.40799999999999,43.1,14.738,9.719,,,190.968,8.27,17.1,53.3,85.198,5.2,63.81,Americas,NF,14.0,100.0,60.0,36.0,8.0,,-20.0,11.0,,60.0,12.0,,12.0,,60.0,,,,8.0,,36.0,,26.0,12.0,,
36,Cyprus,CYP,2020-03-10,2020-03-25,910.0,3.0,17.0,0.0,1039.0,3.425,19.0,0.0,,,,,,875899.0,127.65700000000001,37.3,13.415999999999999,8.562999999999999,32415.132,,141.171,9.24,19.6,52.7,,3.4,20.45,Europe,F,94.0,94.71,14.0,5.0,,3.0,,14.0,,,14.0,,14.0,,13.0,,,,0.0,,37.0,6.0,,3.0,,
37,Czech Republic,CZE,2020-03-02,2020-03-23,8406.0,55.0,295.0,2.0,785.0,5.136,28.0,0.187,,,,,,10708982.0,137.17600000000002,43.3,19.027,11.58,32605.906000000003,,227.485,6.82,30.5,38.3,,6.63,23.57,Europe,F,91.0,83.07,21.0,14.0,-32.0,,-35.0,14.0,,,13.0,,,,21.0,10.0,8.0,,9.0,,12.0,11.0,,9.0,,
38,Germany,DEU,2020-01-28,2020-03-10,173772.0,620.0,7881.0,57.0,2074.0,7.4,94.0,0.68,,,,,,83783945.0,237.016,46.6,21.453000000000003,15.957,45229.245,,156.139,8.31,28.2,33.1,,8.0,12.16,Europe,F,94.0,81.75,69.0,48.0,,,31.0,51.0,50.0,,53.0,41.0,,69.0,53.0,,,42.0,42.0,32.0,,101.0,54.0,29.0,,
39,Djibouti,DJI,2020-03-19,2020-04-10,1309.0,25.0,4.0,1.0,1325.0,25.304000000000002,4.0,1.012,,,,,,988002.0,41.285,25.4,4.213,2.38,2705.406,22.5,258.03700000000003,6.05,1.7,24.5,,1.4,76.73,SSA,NF,24.0,100.0,37.0,-1.0,,,,4.0,,4.0,,,37.0,3.0,4.0,,,,4.0,,4.0,3.0,,0.0,,
40,Denmark,DNK,2020-02-27,2020-03-16,10791.0,78.0,537.0,0.0,1863.0,13.466,93.0,0.0,379482.0,10593.0,65.516,1.829,people tested,5792203.0,136.52,42.3,19.677,12.325,46682.515,0.2,114.76700000000001,6.41,19.3,18.8,,2.5,8.13,Europe,F,97.0,84.12,20.0,16.0,13.0,5.0,,,15.0,,,5.0,,12.0,20.0,15.0,8.0,,8.0,,,20.0,13.0,15.0,,
41,Dominican Republic,DOM,2020-03-02,2020-03-21,11739.0,419.0,424.0,2.0,1082.0,38.625,39.0,0.184,,,,,,10847904.0,222.873,27.6,6.981,4.419,14600.861,1.6,266.653,8.2,8.5,19.1,55.181999999999995,1.6,27.9,Americas,PF,67.0,98.02,57.0,17.0,14.0,,,18.0,,57.0,47.0,15.0,17.0,,,22.0,,,17.0,,17.0,,,17.0,,14.0
42,Algeria,DZA,2020-02-26,2020-03-13,6629.0,187.0,536.0,7.0,151.0,4.263999999999999,12.0,0.16,,,,,,43851043.0,17.348,29.1,6.211,3.8569999999999998,13913.839,0.5,278.36400000000003,6.73,0.7,30.4,83.741,1.9,45.52,MENA,NF,34.0,84.54,48.0,,17.0,,15.0,26.0,,26.0,,,26.0,,33.0,,,,13.0,,33.0,26.0,,15.0,,
43,Ecuador,ECU,2020-03-01,2020-03-14,31467.0,965.0,2594.0,256.0,1784.0,54.696000000000005,147.0,14.51,,,,,,17643060.0,66.939,28.1,7.104,4.458,10581.936000000002,3.6,140.44799999999998,5.55,2.0,12.3,80.635,1.5,32.62,Americas,PF,65.0,95.37,16.0,16.0,14.0,,1.0,16.0,,,16.0,,14.0,,,16.0,,,12.0,,16.0,,,12.0,,
44,Egypt,EGY,2020-02-15,2020-03-09,11228.0,399.0,592.0,21.0,110.0,3.8989999999999996,6.0,0.205,,,,,,102334403.0,97.999,25.3,5.159,2.891,10550.206,1.3,525.432,17.31,0.2,50.1,89.82700000000001,1.6,56.82,MENA,NF,21.0,88.75,38.0,33.0,,,,38.0,,,38.0,,33.0,,,,,38.0,35.0,,,30.0,,29.0,,
45,Spain,ESP,2020-02-01,2020-03-05,,,,,,,,,,,,,,,,,,,,,,,,,,,22.16,Europe,F,92.0,89.41,58.0,45.0,38.0,,,,37.0,,42.0,,,42.0,58.0,,,38.0,38.0,,58.0,42.0,37.0,37.0,,
46,Estonia,EST,2020-02-28,2020-03-26,1766.0,8.0,63.0,1.0,1331.0,6.031000000000001,47.0,0.754,,,,,,1326539.0,31.033,42.7,19.452,13.491,29481.252,0.5,255.56900000000002,4.02,24.5,39.3,,4.69,12.61,Europe,F,94.0,80.29,30.0,,18.0,,13.0,13.0,,,30.0,,,,25.0,13.0,,,13.0,,28.0,,,17.0,,
47,Ethiopia,ETH,2020-03-14,2020-04-06,287.0,15.0,5.0,0.0,2.0,0.13,0.0,0.0,,,,,,114963583.0,104.95700000000001,19.8,3.5260000000000002,2.063,1729.9270000000001,26.7,182.63400000000001,7.47,0.4,8.5,7.96,0.3,32.82,SSA,NF,24.0,76.19,25.0,,,9.0,2.0,12.0,,,,25.0,16.0,,25.0,,,2.0,2.0,,,11.0,,11.0,2.0,
48,Finland,FIN,2020-01-30,2020-03-22,6228.0,83.0,293.0,6.0,1124.0,14.98,53.0,1.083,,,,,,5540718.0,18.136,42.8,21.228,13.264000000000001,40585.721,,153.507,5.76,18.3,22.6,,3.28,7.93,Europe,F,100.0,75.13,58.0,49.0,7.0,,,58.0,46.0,,,46.0,,43.0,,,42.0,,42.0,,,46.0,42.0,,46.0,
49,France,FRA,2020-01-25,2020-02-15,141919.0,563.0,27529.0,104.0,2174.0,8.625,422.0,1.5930000000000002,,,,,,65273512.0,122.57799999999999,42.0,19.718,13.079,38605.671,,86.06,4.77,30.1,35.6,,5.98,22.92,Europe,F,90.0,93.38,92.0,52.0,,6.0,-2.0,52.0,49.0,,52.0,,,51.0,92.0,,48.0,35.0,48.0,,52.0,,,37.0,,
50,Gabon,GAB,2020-03-13,2020-03-21,1209.0,105.0,10.0,0.0,543.0,47.176,4.0,0.0,,,,,,2225728.0,7.859,23.1,4.45,2.9760000000000004,16562.413,3.4,259.967,7.2,,,,6.3,37.2,SSA,NF,22.0,83.6,58.0,7.0,-35.0,,,28.0,,,28.0,,,7.0,7.0,0.0,,,0.0,,30.0,7.0,,3.0,,
51,United Kingdom,GBR,2020-01-31,2020-03-07,236711.0,3560.0,33998.0,384.0,3487.0,52.441,501.0,5.657,1742028.0,78537.0,25.660999999999998,1.157,people tested,67886004.0,272.89799999999997,40.8,18.517,12.527000000000001,39753.244,0.2,122.137,4.28,20.0,24.7,,2.54,22.93,Europe,F,94.0,79.63,55.0,,,,,52.0,51.0,,52.0,,,55.0,52.0,,,,50.0,46.0,,50.0,45.0,52.0,,
52,Georgia,GEO,2020-02-27,2020-04-06,671.0,4.0,12.0,0.0,168.0,1.003,3.0,0.0,,,,,,3989175.0,65.032,38.7,14.864,10.244000000000002,9745.079,4.2,496.218,7.11,5.3,55.5,,2.6,28.59,Eurasia,PF,61.0,100.0,33.0,20.0,-30.0,,,24.0,,33.0,25.0,11.0,25.0,,23.0,,,,3.0,,21.0,16.0,,4.0,,
53,Ghana,GHA,2020-03-13,2020-03-22,5638.0,108.0,28.0,4.0,181.0,3.4760000000000004,1.0,0.129,,,,,,31072945.0,126.719,21.1,3.385,1.9480000000000002,4227.63,12.0,298.245,4.97,0.3,7.7,41.047,0.9,22.26,SSA,F,82.0,85.85,17.0,9.0,4.0,,-49.0,17.0,,,17.0,,17.0,,,3.0,,,3.0,,17.0,,38.0,3.0,,
54,Gambia,GMB,2020-03-18,2020-03-24,23.0,0.0,1.0,0.0,10.0,0.0,0.0,0.0,,,,,,2416664.0,207.56599999999997,17.5,2.339,1.4169999999999998,1561.767,10.1,331.43,1.91,0.7,31.2,7.876,1.1,30.62,SSA,PF,46.0,84.78,10.0,5.0,2.0,,,,0.0,,,0.0,,9.0,,0.0,,,10.0,0.0,9.0,,0.0,0.0,,
55,Greece,GRC,2020-02-27,2020-03-12,2810.0,40.0,160.0,4.0,270.0,3.838,15.0,0.384,126283.0,6268.0,12.116,0.601,tests performed,10423056.0,83.479,45.3,20.396,14.524000000000001,24574.382,1.5,175.695,4.55,35.3,52.0,,4.21,28.8,Europe,F,88.0,87.96,25.0,,16.0,,,23.0,,,25.0,,,16.0,20.0,,,,2.0,,,14.0,,7.0,,
56,Guatemala,GTM,2020-03-15,2020-03-16,1643.0,125.0,30.0,1.0,92.0,6.977,2.0,0.055999999999999994,,,,,,17915567.0,157.834,22.9,4.694,3.016,7423.808000000001,8.7,155.898,10.18,,,76.665,0.6,35.74,Americas,PF,52.0,97.35,34.0,34.0,-3.0,-44.0,-54.0,-9.0,,,7.0,,2.0,,7.0,0.0,,,2.0,-6.0,2.0,,,1.0,,
57,Guyana,GUY,2020-03-13,2020-03-13,116.0,3.0,10.0,0.0,147.0,3.8139999999999996,13.0,0.0,,,,,,786559.0,3.952,26.3,5.305,2.8369999999999997,7435.047,,373.159,11.62,,,77.15899999999999,1.6,26.63,Americas,F,74.0,93.38,27.0,14.0,5.0,,-55.0,21.0,-2.0,,21.0,13.0,,27.0,21.0,,,,21.0,-2.0,15.0,,,3.0,,
58,Hong Kong,HKG,2020-01-23,2020-02-04,,,,,,,,,,,,,,,,,,,,,,,,,,,30.01,Asia,PF,55.0,69.84,74.0,74.0,4.0,,-22.0,,,,,16.0,,,66.0,,,,3.0,,,6.0,5.0,2.0,,
59,Honduras,HND,2020-03-12,2020-03-27,2460.0,142.0,134.0,1.0,248.0,14.337,14.0,0.10099999999999999,,,,,,9904608.0,82.805,24.9,4.652,2.883,4541.795,16.0,240.208,7.21,2.0,,84.169,0.7,48.2,Americas,PF,45.0,100.0,9.0,9.0,4.0,,,4.0,,4.0,,,4.0,,4.0,,,,1.0,,8.0,4.0,,1.0,,
60,Croatia,HRV,2020-02-26,2020-03-25,2222.0,1.0,95.0,1.0,541.0,0.244,23.0,0.244,52425.0,857.0,12.77,0.209,people tested,4105268.0,73.726,44.0,19.724,13.052999999999999,22669.797000000002,0.7,253.782,5.59,34.3,39.9,,5.54,28.51,Europe,F,85.0,97.35,26.0,22.0,,18.0,-22.0,26.0,,,26.0,,24.0,,23.0,,,,13.0,,23.0,17.0,,16.0,,
61,Hungary,HUN,2020-03-05,2020-03-16,3473.0,56.0,448.0,6.0,360.0,5.797000000000001,46.0,0.621,131429.0,4192.0,13.605,0.434,tests performed,9660350.0,108.04299999999999,43.4,18.577,11.975999999999999,26777.561,0.5,278.296,7.55,26.8,34.8,,7.02,30.84,Europe,PF,70.0,78.44,23.0,11.0,4.0,,,23.0,6.0,,22.0,7.0,,11.0,,,,6.0,6.0,,,11.0,,6.0,,
62,Indonesia,IDN,2020-03-02,2020-03-12,16496.0,490.0,1076.0,33.0,60.0,1.791,4.0,0.121,135726.0,3666.0,0.496,0.013000000000000001,people tested,273523621.0,145.725,29.3,5.319,3.053,11188.743999999999,5.7,342.86400000000003,6.32,2.8,76.1,64.204,1.04,36.82,Asia,PF,61.0,74.88,53.0,17.0,-26.0,,-44.0,53.0,27.0,,39.0,,,14.0,36.0,,,,1.0,,,47.0,13.0,-28.0,,
63,India,IND,2020-01-30,2020-03-13,85940.0,3970.0,2752.0,103.0,62.0,2.877,2.0,0.075,2134277.0,94325.0,1.547,0.068,samples tested,1380004385.0,450.41900000000004,28.2,5.989,3.4139999999999997,6426.674,21.2,282.28,10.39,1.9,20.6,59.55,0.53,45.33,Asia,F,71.0,100.0,52.0,52.0,48.0,43.0,-4.0,52.0,46.0,52.0,,-4.0,50.0,,52.0,,,,44.0,35.0,52.0,,46.0,48.0,34.0,
64,Ireland,IRL,2020-03-01,2020-03-12,23956.0,129.0,1518.0,12.0,4852.0,26.125,307.0,2.43,,,,,,4937796.0,69.874,38.7,13.927999999999999,8.677999999999999,67335.293,0.2,126.459,3.28,23.0,25.7,,2.96,12.6,Europe,F,97.0,91.8,36.0,,,36.0,,27.0,25.0,,27.0,25.0,26.0,19.0,14.0,,11.0,,11.0,,26.0,,11.0,12.0,,
65,Iran,IRN,2020-02-20,2020-02-20,116635.0,2102.0,6902.0,48.0,1389.0,25.026,82.0,0.5710000000000001,672679.0,14075.0,8.009,0.168,tests performed,83992953.0,49.831,32.4,5.44,3.182,19082.62,0.2,270.308,9.59,0.8,21.1,,1.5,64.81,MENA,NF,17.0,65.34,45.0,,,,,14.0,,,,28.0,36.0,,,,,59.0,2.0,0.0,31.0,,6.0,14.0,,
66,Iraq,IRQ,2020-02-25,2020-03-06,3193.0,50.0,117.0,2.0,79.0,1.2429999999999999,3.0,0.05,,,,,,40222503.0,88.125,20.0,3.1860000000000004,1.9569999999999999,15663.986,2.5,218.612,8.83,,,94.57600000000001,1.4,55.37,MENA,NF,31.0,97.35,30.0,21.0,-5.0,,,15.0,,,17.0,,17.0,,0.0,,,,0.0,,21.0,,,0.0,,
67,Iceland,ISL,2020-02-29,2020-03-20,1802.0,0.0,10.0,0.0,5281.0,0.0,29.0,0.0,,,,,,341250.0,3.404,37.3,14.431,9.207,46482.958,0.2,117.992,5.31,14.3,15.2,,2.91,15.12,Europe,F,94.0,56.61,20.0,,20.0,-31.0,,,,,,,,,,15.0,,,16.0,,,16.0,,,16.0,
68,Israel,ISR,2020-02-22,2020-03-21,16589.0,10.0,266.0,1.0,1917.0,1.155,31.0,0.11599999999999999,,,,,,8655541.0,402.606,30.6,11.732999999999999,7.359,33132.32,0.5,93.32,6.74,15.4,35.4,,2.99,30.84,MENA,F,76.0,96.03,46.0,19.0,-20.0,,,41.0,24.0,46.0,27.0,24.0,,23.0,22.0,19.0,,11.0,11.0,,39.0,22.0,,20.0,,
69,Italy,ITA,2020-01-31,2020-02-23,223885.0,789.0,31610.0,242.0,3703.0,13.05,523.0,4.003,2944859.0,69179.0,48.706,1.1440000000000001,tests performed,60461828.0,205.859,47.9,23.021,16.24,35220.084,2.0,113.15100000000001,4.78,19.8,27.8,,3.18,23.69,Europe,F,89.0,94.58,72.0,,-1.0,,-8.0,21.0,,49.0,23.0,,72.0,40.0,23.0,,,,23.0,,22.0,,94.0,23.0,,
70,Jamaica,JAM,2020-03-12,2020-03-25,511.0,2.0,9.0,0.0,173.0,0.675,3.0,0.0,,,,,,2961161.0,266.879,31.4,9.684,6.39,8193.571,,206.537,11.28,5.3,28.6,66.425,1.7,10.51,Americas,F,78.0,85.31,46.0,9.0,-41.0,,,1.0,,1.0,,13.0,,41.0,13.0,6.0,,,-1.0,-2.0,33.0,13.0,6.0,1.0,,
71,Jordan,JOR,2020-03-03,2020-03-29,596.0,10.0,9.0,0.0,58.0,0.98,1.0,0.0,,,,,,10203140.0,109.285,23.2,3.81,2.3609999999999998,8337.49,0.1,208.257,11.75,,,,1.4,42.08,MENA,PF,37.0,100.0,15.0,12.0,,,,15.0,,15.0,,,15.0,,15.0,,,,15.0,,15.0,,,12.0,,
72,Japan,JPN,2020-01-15,2020-02-13,16237.0,44.0,725.0,15.0,128.0,0.348,6.0,0.11900000000000001,240368.0,,1.9,,people tested,126476458.0,347.778,48.2,27.049,18.493,39002.223,,79.37,5.72,11.2,33.7,,13.05,28.86,Asia,F,96.0,53.3,79.0,,17.0,,-8.0,,41.0,,,41.0,,,,,,,,36.0,,,41.0,47.0,,
73,Kazakhstan,KAZ,2020-03-15,2020-03-30,5850.0,279.0,34.0,2.0,312.0,14.859000000000002,2.0,0.107,505216.0,21980.0,26.906999999999996,1.171,tests performed,18776707.0,6.681,30.6,6.9910000000000005,4.625,24055.588,0.1,466.792,7.11,7.0,43.1,98.999,6.7,54.11,Eurasia,NF,23.0,84.14,15.0,1.0,,-2.0,,3.0,,4.0,,,4.0,,4.0,,,-3.0,-3.0,,15.0,,,1.0,,
74,Kenya,KEN,2020-03-14,2020-03-27,781.0,23.0,45.0,3.0,15.0,0.428,1.0,0.055999999999999994,,,,,,53771300.0,87.324,20.0,2.6860000000000004,1.528,2993.028,36.8,218.637,2.92,1.2,20.4,24.651,1.4,33.72,SSA,PF,48.0,94.18,51.0,11.0,1.0,,-54.0,13.0,,23.0,13.0,,23.0,6.0,-1.0,,,,-1.0,,43.0,,1.0,1.0,,
75,Kyrgyz Republic,KGZ,2020-03-19,2020-04-02,1117.0,6.0,14.0,0.0,171.0,0.92,2.0,0.0,,,,,,6524191.0,32.333,26.3,4.489,2.8819999999999997,3393.474,1.4,436.36199999999997,7.11,3.6,50.5,89.22,4.5,30.19,Eurasia,PF,39.0,87.31,6.0,-2.0,-5.0,-18.0,-57.0,6.0,3.0,6.0,,-5.0,6.0,,6.0,-2.0,,,-7.0,-21.0,6.0,-2.0,,-3.0,,
76,South Korea,KOR,2020-01-20,2020-02-21,11037.0,19.0,262.0,2.0,215.0,0.371,5.0,0.039,740645.0,13898.0,14.446,0.271,cases tested,51269183.0,527.967,43.4,13.914000000000001,8.622,35938.373999999996,0.2,85.99799999999999,6.8,6.2,40.9,,12.27,23.7,Asia,F,83.0,83.46,77.0,,15.0,,,61.0,34.0,,61.0,34.0,,,75.0,62.0,32.0,,32.0,11.0,77.0,62.0,35.0,17.0,14.0,
77,Kuwait,KWT,2020-02-24,2020-04-05,12860.0,885.0,96.0,8.0,3011.0,207.233,22.0,1.8730000000000002,,,,,,4270563.0,232.128,33.7,2.345,1.114,65530.537000000004,,132.235,15.84,2.7,37.0,,2.0,34.3,MENA,PF,36.0,100.0,76.0,18.0,12.0,6.0,-3.0,42.0,,42.0,27.0,,17.0,,16.0,,,,15.0,12.0,42.0,16.0,,6.0,,
78,Laos,LAO,2020-03-25,,19.0,0.0,0.0,0.0,3.0,0.0,0.0,0.0,,,,,,7275556.0,29.715,24.4,4.029,2.322,6397.36,22.7,368.111,4.0,7.3,51.2,49.839,1.5,64.28,Asia,NF,14.0,97.35,5.0,5.0,1.0,-10.0,,5.0,,,5.0,,5.0,,5.0,,,,5.0,-14.0,5.0,,-14.0,-6.0,-8.0,
79,Lebanon,LBN,2020-02-22,2020-03-11,891.0,5.0,26.0,0.0,131.0,0.733,4.0,0.0,,,,,,6825442.0,594.561,31.1,8.514,5.43,13367.565,,266.591,12.71,26.9,40.7,,2.9,33.19,MENA,PF,44.0,89.41,25.0,23.0,6.0,,-9.0,,23.0,,25.0,23.0,,25.0,25.0,,,,25.0,23.0,25.0,13.0,,7.0,,
80,Liberia,LBR,2020-03-17,2020-04-05,219.0,4.0,20.0,0.0,43.0,0.7909999999999999,4.0,0.0,,,,,,5057677.0,49.126999999999995,19.2,3.057,1.756,752.788,38.6,272.509,2.42,1.5,18.1,1.188,0.8,32.25,SSA,PF,60.0,80.29,26.0,,-1.0,,-3.0,5.0,,,5.0,,,,5.0,,,,5.0,,26.0,5.0,,0.0,,
81,Libya,LBY,2020-03-25,2020-04-03,64.0,0.0,3.0,0.0,9.0,0.0,0.0,0.0,,,,,,6871287.0,3.623,29.0,4.4239999999999995,2.8160000000000003,17881.509,,341.86199999999997,10.43,,,,3.7,55.77,MENA,NF,9.0,100.0,23.0,-9.0,,,,-3.0,-9.0,22.0,-3.0,-9.0,-3.0,-9.0,-3.0,,,-11.0,-3.0,-11.0,22.0,,-11.0,-9.0,,
82,Sri Lanka,LKA,2020-01-28,2020-03-29,935.0,10.0,9.0,0.0,44.0,0.467,0.0,0.0,,,,,,21413250.0,341.955,34.1,10.068999999999999,5.331,11669.077,0.7,197.093,10.68,0.3,27.0,,3.6,41.94,Asia,PF,56.0,100.0,60.0,51.0,46.0,27.0,-2.0,50.0,,50.0,,,55.0,,46.0,,,,46.0,,48.0,,,50.0,45.0,
83,Lesotho,LSO,2020-05-15,2020-05-15,1.0,0.0,0.0,0.0,0.0,0.0,0.0,0.0,,,,,,2142252.0,73.562,22.2,4.506,2.647,2851.153,59.6,405.126,3.94,0.4,53.9,2.117,,30.45,SSA,PF,63.0,93.38,-47.0,-47.0,,-70.0,,-58.0,,,-58.0,,,-47.0,-58.0,,,,-58.0,,-47.0,-58.0,,-58.0,,
84,Lithuania,LTU,2020-02-28,2020-03-21,1523.0,12.0,54.0,0.0,559.0,4.408,20.0,0.0,224040.0,7793.0,82.29799999999999,2.863,samples tested,2722291.0,45.135,43.5,19.002,13.777999999999999,29524.265,0.7,342.98900000000003,3.67,21.3,38.0,,6.56,21.19,Europe,F,91.0,,,,,,,,,,,,,,,,,,,,,,,14.0,,
85,Luxembourg,LUX,2020-03-01,2020-03-14,3923.0,8.0,104.0,1.0,6267.0,12.78,166.0,1.598,60246.0,,96.243,0.414,people tested,625976.0,231.447,39.7,14.312000000000001,9.842,94277.965,0.2,128.275,4.42,20.9,26.0,,4.51,15.46,Europe,F,98.0,82.27,16.0,,,,,14.0,,,16.0,,,11.0,12.0,,8.0,,12.0,8.0,15.0,,11.0,15.0,,
86,Morocco,MAR,2020-03-03,2020-03-12,6652.0,45.0,190.0,0.0,180.0,1.219,5.0,0.0,,,,,,36910558.0,80.08,29.6,6.769,4.209,7485.013000000001,1.0,419.14599999999996,7.14,0.8,47.1,,1.1,42.88,MENA,PF,37.0,93.38,22.0,17.0,10.0,,,10.0,,,17.0,,17.0,,,,17.0,,17.0,,16.0,,13.0,13.0,,
87,Moldova,MDA,2020-03-08,2020-03-19,5745.0,192.0,197.0,3.0,1424.0,47.596000000000004,49.0,0.7440000000000001,,,,,,4033963.0,123.655,37.6,10.864,6.955,5189.972,0.2,408.50199999999995,5.72,5.9,44.6,86.979,5.8,31.16,Eurasia,PF,60.0,90.74,16.0,9.0,2.0,0.0,-11.0,16.0,,,16.0,,16.0,,13.0,2.0,,,2.0,,,3.0,,3.0,,
88,Madagascar,MDG,2020-03-21,,238.0,8.0,0.0,0.0,9.0,0.289,0.0,0.0,,,,,,27691019.0,43.951,19.6,2.929,1.686,1416.44,77.6,405.994,3.94,,,50.54,0.2,27.68,SSA,PF,61.0,94.84,15.0,-1.0,-6.0,,,0.0,,2.0,,30.0,0.0,,,0.0,,,0.0,,15.0,0.0,,0.0,,
89,Mexico,MEX,2020-02-29,2020-03-21,45032.0,2437.0,4767.0,290.0,349.0,18.901,37.0,2.249,,,,,,128932753.0,66.444,29.3,6.857,4.321000000000001,17336.468999999997,2.5,152.783,13.06,6.9,21.4,87.84700000000001,1.38,45.45,Americas,PF,62.0,85.45,30.0,,21.0,,-1.0,30.0,24.0,,30.0,,,30.0,,30.0,24.0,,24.0,,26.0,,,23.0,,
90,Mali,MLI,2020-03-26,2020-04-01,806.0,27.0,46.0,0.0,40.0,1.3330000000000002,2.0,0.0,,,,,,20250834.0,15.196,16.4,2.519,1.486,2014.306,,268.024,2.42,1.6,23.0,52.232,0.1,34.12,SSA,PF,41.0,78.83,-1.0,,-7.0,,,-1.0,,,,-1.0,-1.0,,,-1.0,,,-1.0,,,,,-7.0,,
91,Myanmar,MMR,2020-03-24,2020-04-01,182.0,1.0,6.0,0.0,3.0,0.018000000000000002,0.0,0.0,13634.0,,0.251,,samples tested,54409794.0,81.721,29.1,5.732,3.12,5591.597,6.4,202.104,4.61,6.3,35.2,79.28699999999999,0.9,44.77,Asia,NF,30.0,85.06,24.0,,6.0,-9.0,-52.0,8.0,,,21.0,11.0,14.0,,24.0,-11.0,,,-11.0,,17.0,2.0,,0.0,-8.0,
92,Mongolia,MNG,2020-03-10,,135.0,74.0,0.0,0.0,41.0,22.573,0.0,0.0,,,,,,3278292.0,1.98,28.6,4.031000000000001,2.421,11840.846000000001,0.5,460.043,4.82,5.5,46.5,71.18,7.0,29.61,Asia,F,84.0,87.31,56.0,27.0,-43.0,,,-18.0,,56.0,13.0,,-18.0,,13.0,,,,-49.0,,56.0,-43.0,,-43.0,,
93,Mozambique,MOZ,2020-03-23,,119.0,4.0,0.0,0.0,4.0,0.128,0.0,0.0,,,,,,31255435.0,37.728,17.7,3.158,1.87,1136.103,62.9,329.94199999999995,3.3,5.1,29.1,12.227,0.7,33.79,SSA,PF,45.0,53.83,9.0,5.0,,-3.0,-41.0,,,,,9.0,,,,0.0,,,0.0,-4.0,,,,0.0,,
94,Mauritania,MRT,2020-03-15,2020-04-03,29.0,13.0,3.0,1.0,6.0,2.7960000000000003,1.0,0.215,,,,,,4649660.0,4.289,20.3,3.138,1.7919999999999998,3597.633,6.0,232.347,2.42,,,15.95,,32.54,SSA,PF,34.0,80.95,14.0,8.0,,-39.0,,14.0,,,4.0,,,,4.0,,,,4.0,,,,12.0,1.0,,
95,Mauritius,MUS,2020-03-20,2020-03-22,332.0,0.0,10.0,0.0,261.0,0.0,8.0,0.0,,,,,,1271767.0,622.962,37.4,10.945,5.8839999999999995,20292.745,0.5,224.644,22.02,3.2,40.7,,3.4,28.0,SSA,F,89.0,91.4,6.0,-1.0,,-2.0,,,3.0,,3.0,,0.0,,,3.0,,,0.0,,0.0,,,-1.0,,
96,Malawi,MWI,2020-04-03,2020-04-08,63.0,0.0,3.0,0.0,3.0,0.0,0.0,0.0,,,,,,19129955.0,197.519,18.1,2.9789999999999996,1.7830000000000001,1095.042,71.4,227.34900000000002,3.94,4.4,24.7,8.704,1.3,29.32,SSA,PF,62.0,59.26,34.0,,-13.0,,,,,,,15.0,,,,-14.0,,,-14.0,,,,34.0,-11.0,,
97,Malaysia,MYS,2020-01-25,2020-03-18,6855.0,36.0,112.0,0.0,212.0,1.112,3.0,0.0,434136.0,,13.413,,cases tested,32365998.0,96.25399999999999,29.9,6.292999999999999,3.407,26808.164,0.1,260.942,16.74,1.0,42.4,,1.9,33.12,Asia,PF,52.0,78.17,101.0,,5.0,,,53.0,,,,100.0,,,101.0,,47.0,,53.0,42.0,53.0,,,53.0,,49.0
98,Namibia,NAM,2020-03-15,2020-03-15,16.0,0.0,0.0,0.0,6.0,0.0,0.0,0.0,,,,,,2540916.0,3.0780000000000003,22.0,3.552,2.085,9541.808,13.4,243.81099999999998,3.94,9.7,34.2,44.6,,19.25,SSA,F,77.0,75.79,33.0,9.0,-1.0,,-14.0,12.0,,,12.0,,,,51.0,2.0,,,2.0,,,51.0,33.0,2.0,,
99,Niger,NER,2020-03-21,2020-03-25,885.0,9.0,51.0,1.0,37.0,0.37200000000000005,2.0,0.040999999999999995,,,,,,24206636.0,16.955,15.1,2.553,1.3780000000000001,926.0,44.5,238.33900000000003,2.42,0.1,15.4,8.978,0.3,28.25,SSA,PF,48.0,61.51,7.0,-2.0,,,,7.0,,,,,,,,-2.0,,-8.0,-8.0,,,,,-1.0,,
100,Nigeria,NGA,2020-02-28,2020-03-24,5445.0,283.0,171.0,4.0,26.0,1.3730000000000002,1.0,0.019,32942.0,,0.16,,samples tested,206139587.0,209.588,18.1,2.7510000000000003,1.4469999999999998,5338.454000000001,,181.013,2.42,0.6,10.8,41.949,,35.63,SSA,PF,47.0,81.5,60.0,-58.0,,,,30.0,,,30.0,24.0,30.0,,29.0,19.0,,,21.0,19.0,30.0,,19.0,30.0,21.0,
101,Nicaragua,NIC,2020-03-19,2020-03-28,25.0,0.0,8.0,0.0,4.0,0.0,1.0,0.0,,,,,,6624554.0,51.667,27.3,5.445,3.5189999999999997,5321.444,3.2,137.016,11.47,,,,0.9,35.81,Americas,NF,31.0,16.67,27.0,,,27.0,-27.0,,,,,,,,,,,,,,,,,,,
102,Netherlands,NLD,2020-02-28,2020-03-07,43681.0,200.0,5643.0,53.0,2549.0,11.672,329.0,3.093,,,,,,17134873.0,508.54400000000004,43.2,18.779,11.880999999999998,48472.545,,109.361,5.29,24.4,27.3,,3.32,9.96,Europe,F,99.0,84.65,32.0,,20.0,,,,7.0,,24.0,13.0,,32.0,,13.0,,,11.0,,16.0,,13.0,17.0,,13.0
103,Norway,NOR,2020-02-27,2020-03-13,8197.0,22.0,232.0,0.0,1512.0,4.058,43.0,0.0,,,,,,5421242.0,14.462,39.7,16.820999999999998,10.812999999999999,64800.057,0.2,114.316,5.31,19.6,20.7,,3.6,7.84,Europe,F,100.0,79.63,26.0,17.0,,16.0,,18.0,,,,,,14.0,26.0,,13.0,,14.0,,,63.0,12.0,14.0,,
104,Nepal,NPL,2020-01-25,,276.0,18.0,0.0,0.0,9.0,0.618,0.0,0.0,,,,,,29136808.0,204.43,25.0,5.809,3.2119999999999997,2442.804,15.0,260.797,7.26,9.5,37.8,47.782,0.3,35.1,Asia,PF,56.0,95.24,59.0,,57.0,49.0,,59.0,,59.0,,,58.0,,,53.0,,,53.0,,59.0,,,54.0,,
105,New Zealand,NZL,2020-02-28,2020-03-29,1148.0,0.0,21.0,0.0,238.0,0.0,4.0,0.0,,,,,,4822233.0,18.206,37.9,15.322000000000001,9.72,36085.843,,128.797,8.08,14.8,17.2,,2.61,10.69,Asia,F,97.0,97.35,27.0,21.0,-26.0,,,24.0,22.0,,24.0,22.0,27.0,24.0,24.0,22.0,17.0,,17.0,,26.0,24.0,22.0,25.0,,
106,Oman,OMN,2020-02-25,2020-04-01,4625.0,284.0,19.0,0.0,906.0,55.614,4.0,0.0,,,,,,5106622.0,14.98,30.7,2.355,1.53,37960.709,,266.342,12.61,0.5,15.6,97.4,1.6,43.42,MENA,NF,23.0,94.71,45.0,22.0,-22.0,,,22.0,,,45.0,,23.0,,21.0,,,,21.0,,,35.0,25.0,19.0,,
107,Pakistan,PAK,2020-02-27,2020-03-20,38799.0,1581.0,834.0,31.0,176.0,7.157,4.0,0.14,359264.0,14814.0,1.626,0.067,tests performed,220892331.0,255.57299999999998,23.5,4.495,2.78,5034.708,4.0,423.031,8.35,2.8,36.7,59.607,0.6,45.52,Asia,PF,38.0,97.35,28.0,23.0,-27.0,,,26.0,,,25.0,,25.0,,15.0,,,,15.0,,25.0,,,0.0,,
108,Panama,PAN,2020-03-10,2020-03-11,9268.0,150.0,266.0,6.0,2148.0,34.764,62.0,1.391,,,,,,4314768.0,55.133,29.7,7.917999999999999,5.03,22267.037,2.2,128.346,8.33,2.4,9.9,,2.3,29.78,Americas,F,84.0,83.6,39.0,39.0,3.0,,-42.0,13.0,,,40.0,7.0,,,15.0,3.0,,,3.0,,10.0,,6.0,2.0,,
109,Peru,PER,2020-03-07,2020-03-20,84495.0,3891.0,2393.0,126.0,2563.0,118.01,73.0,3.821,630482.0,25099.0,19.122,0.7609999999999999,units unclear,32971846.0,25.129,29.1,7.151,4.455,12236.706,3.5,85.755,5.95,4.8,,,1.6,30.94,Americas,F,72.0,100.0,55.0,9.0,,4.0,-1.0,8.0,7.0,11.0,8.0,,55.0,8.0,8.0,,5.0,,5.0,,9.0,,,5.0,,
110,Philippines,PHL,2020-01-30,2020-02-02,12091.0,215.0,806.0,16.0,110.0,1.962,7.0,0.146,,,,,,109581085.0,351.87300000000005,25.2,4.803,2.661,7599.188,,370.43699999999995,7.07,7.8,40.8,78.46300000000001,1.0,43.54,Asia,PF,59.0,97.22,48.0,,1.0,,,45.0,,48.0,45.0,,45.0,,48.0,45.0,,,45.0,8.0,48.0,45.0,,40.0,,
111,Papua New Guinea,PNG,2020-03-21,,8.0,0.0,0.0,0.0,1.0,0.0,0.0,0.0,,,,,,8947027.0,18.22,22.6,3.8080000000000003,2.142,3823.1940000000004,,561.494,17.65,23.5,48.8,,,23.93,Asia,PF,62.0,83.07,28.0,0.0,-52.0,,-53.0,3.0,,,28.0,,3.0,,,,-1.0,,3.0,,3.0,,,2.0,,
112,Poland,POL,2020-03-04,2020-03-13,18016.0,401.0,907.0,24.0,476.0,10.595,24.0,0.634,,,,,,37846605.0,124.027,41.8,16.762999999999998,10.202,27216.445,,227.331,5.91,23.3,33.1,,6.62,28.65,Europe,F,84.0,88.09,36.0,11.0,,,5.0,27.0,8.0,,27.0,,,36.0,27.0,,,,6.0,,,10.0,,8.0,,
113,Portugal,PRT,2020-03-03,2020-03-18,28583.0,264.0,1190.0,6.0,2803.0,25.891,117.0,0.588,,,,,,10196707.0,112.37100000000001,46.2,21.502,14.924000000000001,27936.896,0.5,127.84200000000001,9.85,16.3,30.0,,3.39,11.83,Europe,F,96.0,90.61,37.0,,7.0,,,37.0,16.0,,16.0,,,16.0,16.0,,,,16.0,,16.0,9.0,,13.0,6.0,
114,Paraguay,PRY,2020-03-08,2020-03-21,759.0,5.0,11.0,0.0,106.0,0.701,2.0,0.0,,,,,,7132530.0,17.144000000000002,26.5,6.377999999999999,3.833,8827.01,1.7,199.128,8.27,5.0,21.6,79.602,1.3,32.97,Americas,PF,65.0,96.03,32.0,16.0,8.0,,,8.0,,32.0,9.0,2.0,13.0,,13.0,2.0,,,2.0,,5.0,,,2.0,,
115,Palestine,PSE,2020-03-06,2020-03-27,554.0,6.0,4.0,0.0,109.0,1.176,1.0,0.0,,,,,,5101416.0,778.202,20.4,3.043,1.726,4449.898,1.0,265.91,10.59,,,,,44.09,MENA,NF,25.0,97.35,53.0,-1.0,,,,-1.0,,,16.0,,16.0,-1.0,-1.0,,,,-1.0,,16.0,0.0,,0.0,,
116,Qatar,QAT,2020-03-01,2020-03-29,29425.0,1153.0,14.0,0.0,10213.0,400.2,5.0,0.0,152704.0,4531.0,53.003,1.5730000000000002,people tested,2881060.0,227.322,31.9,1.307,0.617,116935.6,,176.69,16.52,0.8,26.9,,1.2,42.51,MENA,NF,25.0,91.54,27.0,17.0,-27.0,,-37.0,16.0,,,16.0,,14.0,,21.0,,,,21.0,11.0,,16.0,,9.0,,
117,Romania,ROU,2020-02-27,2020-03-23,16437.0,190.0,1056.0,10.0,854.0,9.876,55.0,0.52,,,,,,19237682.0,85.12899999999999,43.0,17.85,11.69,23313.199,5.7,370.94599999999997,9.74,22.9,37.1,,6.892,25.91,Europe,F,83.0,88.36,33.0,23.0,11.0,-26.0,-31.0,32.0,23.0,,27.0,14.0,33.0,0.0,24.0,,14.0,10.0,10.0,,,14.0,,13.0,,
118,Russia,RUS,2020-02-01,2020-03-27,262843.0,10598.0,2418.0,113.0,1801.0,72.622,17.0,0.774,6656340.0,242392.0,45.611999999999995,1.661,tests performed,145934460.0,8.823,39.6,14.177999999999999,9.392999999999999,24765.953999999998,0.1,431.29699999999997,6.18,23.4,58.3,,8.05,48.92,Eurasia,NF,20.0,92.86,58.0,58.0,-2.0,,,33.0,,58.0,,,,58.0,58.0,44.0,,38.0,38.0,,58.0,,,49.0,,44.0
119,Rwanda,RWA,2020-03-15,,287.0,0.0,0.0,0.0,22.0,0.0,0.0,0.0,48239.0,2041.0,3.7239999999999998,0.158,units unclear,12952209.0,494.869,20.3,2.9739999999999998,1.642,1854.211,56.0,191.375,4.28,4.7,21.0,4.617,,50.34,SSA,NF,22.0,100.0,6.0,6.0,,,-48.0,-7.0,,6.0,-7.0,,6.0,,-7.0,,,,-7.0,,6.0,,-1.0,1.0,,
120,Saudi Arabia,SAU,2020-03-03,2020-03-25,49176.0,2307.0,292.0,9.0,1413.0,66.267,8.0,0.259,548023.0,17758.0,15.742,0.51,units unclear,34813867.0,15.322000000000001,31.9,3.295,1.845,49045.41099999999,,259.538,17.72,1.8,25.4,,2.7,62.14,MENA,NF,7.0,94.18,54.0,12.0,,,,5.0,,34.0,20.0,,18.0,,54.0,13.0,,,10.0,,,13.0,,6.0,,
121,Sudan,SDN,2020-03-14,2020-03-15,1964.0,0.0,91.0,0.0,45.0,0.0,2.0,0.0,,,,,,43849269.0,23.258000000000003,19.7,3.548,2.0340000000000003,4466.5070000000005,,431.38800000000003,15.67,,,23.436999999999998,0.8,55.33,SSA,NF,12.0,86.38,55.0,2.0,,,,30.0,9.0,,35.0,9.0,12.0,,,0.0,,,0.0,,,55.0,0.0,0.0,,
122,Senegal,SEN,2020-03-03,2020-04-02,2310.0,121.0,25.0,2.0,138.0,7.226,1.0,0.11900000000000001,27618.0,989.0,1.649,0.059000000000000004,tests performed,16743930.0,82.32799999999999,18.7,3.008,1.796,2470.58,38.0,241.21900000000002,2.42,0.4,16.6,20.859,,23.99,SSA,PF,71.0,18.25,11.0,17.0,15.0,,,20.0,,,,,,,20.0,,11.0,,11.0,,,,,13.0,,
123,Singapore,SGP,2020-01-24,2020-03-22,26891.0,793.0,21.0,0.0,4596.0,135.548,4.0,0.0,,,,,,5850343.0,7915.731,42.4,12.922,7.0489999999999995,85535.383,,92.243,10.99,5.2,28.3,,2.4,55.23,Asia,PF,50.0,87.83,81.0,,-1.0,,-22.0,75.0,70.0,,75.0,70.0,,81.0,75.0,63.0,49.0,,49.0,14.0,74.0,,,75.0,,
124,Sierra Leone,SLE,2020-04-01,2020-04-24,447.0,39.0,27.0,1.0,56.0,4.888999999999999,3.0,0.125,,,,,,7976985.0,104.7,19.1,2.5380000000000003,1.285,1390.3,52.2,325.721,2.42,8.8,41.3,19.275,,30.28,SSA,PF,65.0,96.03,32.0,-4.0,-11.0,,,4.0,,4.0,,7.0,,-9.0,32.0,-16.0,,,-10.0,,4.0,,,-1.0,,
125,El Salvador,SLV,2020-03-19,2020-04-01,1265.0,55.0,25.0,2.0,195.0,8.48,4.0,0.308,53412.0,2270.0,8.235,0.35,tests performed,6486201.0,307.811,27.6,8.273,5.417000000000001,7292.4580000000005,2.2,167.295,8.87,2.5,18.8,90.65,1.3,29.7,Americas,PF,66.0,100.0,49.0,-7.0,-48.0,,,-1.0,,2.0,,,49.0,-1.0,33.0,,-8.0,,2.0,-8.0,2.0,-3.0,,-8.0,,
126,Somalia,SOM,2020-03-17,2020-04-10,1284.0,0.0,53.0,0.0,81.0,0.0,3.0,0.0,,,,,,15893219.0,23.5,16.8,2.7310000000000003,1.496,,,365.769,6.05,,,9.831,0.9,55.45,SSA,NF,7.0,59.39,25.0,1.0,-3.0,,,,,,,25.0,,,,2.0,,,2.0,,,,,4.0,,
127,Serbia,SRB,2020-03-07,2020-03-21,10438.0,64.0,225.0,1.0,1534.0,9.405,33.0,0.147,174746.0,6076.0,25.680999999999997,0.893,people tested,6804596.0,80.291,41.2,17.366,,14048.881000000001,,439.415,10.08,37.7,40.2,97.719,5.609,31.62,Europe,PF,66.0,100.0,14.0,9.0,4.0,,-45.0,11.0,,11.0,8.0,,14.0,,8.0,,4.0,,8.0,,14.0,,9.0,9.0,,
128,South Sudan,SSD,2020-04-06,2020-05-15,236.0,5.0,4.0,3.0,21.0,0.447,0.0,0.268,,,,,,11193729.0,,19.2,3.4410000000000003,2.032,1569.888,,280.775,10.43,,,,,44.49,SSA,NF,2.0,93.38,31.0,-13.0,-24.0,-42.0,,6.0,,,12.0,-13.0,,-12.0,-21.0,,,,-21.0,,-9.0,,-12.0,-17.0,,
129,Suriname,SUR,2020-03-15,2020-04-04,10.0,0.0,1.0,0.0,17.0,0.0,2.0,0.0,,,,,,586634.0,3.612,29.6,6.933,4.229,13767.118999999999,,258.314,12.54,7.4,42.9,67.779,3.1,17.5,Americas,F,75.0,83.07,22.0,-1.0,,,,1.0,,,13.0,,22.0,,13.0,,,,-2.0,,,,,1.0,,
130,Slovak Republic,SVK,2020-03-07,2020-04-07,1480.0,3.0,27.0,0.0,271.0,0.5489999999999999,5.0,0.0,139986.0,4084.0,25.64,0.748,tests performed,5459643.0,113.12799999999999,41.2,15.07,9.167,30155.152000000002,0.7,287.959,7.29,23.1,37.7,,5.82,22.67,Europe,F,88.0,90.74,32.0,6.0,,2.0,,32.0,9.0,,32.0,5.0,6.0,,32.0,5.0,,,3.0,-1.0,,5.0,,9.0,2.0,
131,Slovenia,SVN,2020-03-05,2020-03-18,1465.0,1.0,103.0,0.0,705.0,0.48100000000000004,50.0,0.0,,,,,,2078932.0,102.619,44.5,19.062,12.93,31400.84,,153.493,7.25,20.1,25.0,,4.5,22.64,Europe,F,94.0,91.93,25.0,,5.0,,,25.0,,,,9.0,11.0,,14.0,,2.0,,14.0,,15.0,,,11.0,,
132,Sweden,SWE,2020-02-01,2020-03-12,29207.0,625.0,3646.0,117.0,2892.0,61.886,361.0,11.585,,,,,,10099270.0,24.718000000000004,41.0,19.985,13.433,46949.282999999996,0.5,133.982,4.79,18.8,18.9,,2.22,9.25,Europe,F,100.0,47.35,83.0,,47.0,,,,63.0,,,,,,,83.0,40.0,,,,,,58.0,,,46.0
133,Eswatini,SWZ,2020-03-15,2020-04-18,190.0,3.0,2.0,0.0,164.0,2.5860000000000003,2.0,0.0,,,,,,1160164.0,79.492,21.5,3.1630000000000003,1.845,7738.975,,333.436,3.94,1.7,16.5,24.096999999999998,2.1,45.15,SSA,NF,19.0,81.48,12.0,,12.0,,,12.0,2.0,,12.0,,12.0,,,2.0,,,2.0,-1.0,,,,2.0,,
134,Seychelles,SYC,2020-03-15,,11.0,0.0,0.0,0.0,112.0,0.0,0.0,0.0,,,,,,98340.0,208.354,36.2,8.606,5.586,26382.287,1.1,242.648,10.55,7.1,35.7,,3.6,28.66,SSA,PF,72.0,94.58,25.0,50.0,-5.0,-37.0,,24.0,,,24.0,,25.0,,15.0,,,,7.0,0.0,24.0,,,1.0,,
135,Syria,SYR,2020-03-23,2020-03-30,50.0,2.0,3.0,0.0,3.0,0.114,0.0,0.0,,,,,,17500657.0,,21.7,,2.577,,,376.264,,,,70.598,1.5,72.57,MENA,NF,0.0,84.13,9.0,,-15.0,,-51.0,2.0,-3.0,,25.0,,0.0,,,-7.0,,,-1.0,-8.0,-1.0,,-3.0,-9.0,,
136,Chad,TCD,2020-03-20,2020-04-29,428.0,29.0,48.0,2.0,26.0,1.766,3.0,0.122,,,,,,16425859.0,11.833,16.7,2.4859999999999998,1.446,1768.1529999999998,38.4,280.995,6.1,,,5.818,,39.7,SSA,NF,17.0,89.03,42.0,24.0,,-13.0,,24.0,,,13.0,,24.0,,,-1.0,,24.0,24.0,,24.0,,,24.0,,
137,Thailand,THA,2020-01-13,2020-03-01,3025.0,7.0,56.0,0.0,43.0,0.1,1.0,0.0,,,,,,69799978.0,135.132,40.1,11.373,6.89,16277.671,0.1,109.861,7.04,1.9,38.8,90.67,2.1,44.94,Asia,PF,32.0,83.73,111.0,72.0,,53.0,,73.0,72.0,,,68.0,86.0,81.0,104.0,63.0,,,57.0,,81.0,64.0,,66.0,,62.0
138,Turkmenistan,TKM,,,,,,,,,,,,,,,,,,,,,,,,,,,,,85.44,Eurasia,NF,2.0,,,,,,,,,,,,,,,,,,,,,,,,,
139,Trinidad and Tobago,TTO,2020-03-13,2020-03-26,116.0,0.0,8.0,0.0,83.0,0.0,6.0,0.0,,,,,,1399491.0,266.88599999999997,36.2,10.014,5.819,28763.071,,228.467,10.97,,,89.443,3.0,23.22,Americas,F,82.0,93.38,46.0,10.0,,-43.0,,46.0,,,17.0,,,16.0,18.0,3.0,,,8.0,3.0,17.0,4.0,0.0,1.0,,
140,Tunisia,TUN,2020-03-03,2020-03-21,1035.0,3.0,45.0,0.0,88.0,0.254,4.0,0.0,,,,,,11818618.0,74.22800000000001,32.7,8.001,5.075,10849.296999999999,2.0,318.991,8.52,1.1,65.8,78.687,2.3,29.45,MENA,F,70.0,90.61,18.0,,13.0,6.0,1.0,15.0,,,17.0,,,17.0,17.0,,,,13.0,1.0,18.0,,13.0,13.0,10.0,6.0
141,Turkey,TUR,2020-03-12,2020-03-19,146457.0,1708.0,4055.0,48.0,1737.0,20.252,48.0,0.569,1589625.0,42236.0,18.848,0.501,tests performed,84339067.0,104.914,31.6,8.152999999999999,5.061,25129.341,0.2,171.285,12.13,14.1,41.1,,2.81,50.02,Europe,NF,32.0,80.42,16.0,15.0,-36.0,,-48.0,16.0,6.0,30.0,9.0,-3.0,16.0,12.0,,,,,4.0,,,4.0,,4.0,,
142,Tanzania,TZA,2020-03-17,2020-03-29,509.0,0.0,21.0,0.0,9.0,0.0,0.0,0.0,,,,,,59734213.0,64.699,17.7,3.108,1.874,2683.304,49.1,217.28799999999998,5.75,3.3,26.7,47.953,0.7,40.25,SSA,PF,40.0,50.4,26.0,26.0,-2.0,,-3.0,,,,,,,,,0.0,,,0.0,,,,,1.0,,
143,Uganda,UGA,2020-03-22,,203.0,43.0,0.0,0.0,4.0,0.94,0.0,0.0,,,,,,45741000.0,213.75900000000001,16.4,2.168,1.308,1697.707,41.6,213.333,2.5,3.4,16.7,21.221999999999998,0.5,40.95,SSA,NF,34.0,92.59,8.0,,0.0,-45.0,-62.0,8.0,-4.0,,8.0,,3.0,,,8.0,,,-4.0,,3.0,,,-2.0,,
144,Ukraine,UKR,2020-03-04,2020-03-19,17330.0,483.0,483.0,27.0,396.0,11.044,11.0,0.617,220638.0,9024.0,5.045,0.20600000000000002,units unclear,43733759.0,77.39,41.4,16.462,11.133,7894.393,0.1,539.849,7.11,13.5,47.4,,8.8,32.52,Eurasia,PF,62.0,92.06,14.0,12.0,,,,8.0,,,,12.0,14.0,,13.0,,8.0,,8.0,,,13.0,,8.0,,
145,Uruguay,URY,2020-03-15,2020-03-30,732.0,8.0,19.0,0.0,211.0,2.303,5.0,0.0,32225.0,1016.0,9.277000000000001,0.292,tests performed,3473727.0,19.750999999999998,35.6,14.655,10.360999999999999,20551.409,0.1,160.708,6.93,14.0,19.9,,2.8,15.79,Americas,F,98.0,76.98,18.0,9.0,1.0,-2.0,,17.0,-2.0,,18.0,-2.0,,12.0,,,,,-2.0,,,,0.0,-1.0,,
146,United States,USA,2020-01-21,2020-03-01,1443397.0,25508.0,87568.0,1662.0,4361.0,77.063,265.0,5.021,10720185.0,,32.387,0.0,inconsistent units (COVID Tracking Project),331002647.0,35.608000000000004,38.3,15.413,9.732000000000001,54225.445999999996,1.2,151.089,10.79,19.1,24.6,,2.77,23.85,Americas,F,86.0,71.58,78.0,,41.0,12.0,,58.0,53.0,,54.0,,,56.0,60.0,,51.0,50.0,51.0,40.0,58.0,,,44.0,,
147,Uzbekistan,UZB,2020-03-16,2020-03-29,2691.0,46.0,11.0,0.0,80.0,1.374,0.0,0.0,,,,,,33469199.0,76.134,28.2,4.468999999999999,2.873,6253.104,,724.4169999999999,7.57,1.3,24.7,,4.0,53.07,Eurasia,NF,10.0,97.35,46.0,0.0,,-15.0,,8.0,,,11.0,,0.0,,43.0,7.0,,,0.0,,5.0,0.0,,0.0,,
148,Venezuela,VEN,2020-03-15,2020-03-27,459.0,4.0,10.0,0.0,16.0,0.141,0.0,0.0,,,,,,28435943.0,36.253,29.0,6.614,3.915,16745.022,,204.85,6.47,,,,0.8,45.66,Americas,NF,16.0,84.26,3.0,3.0,-3.0,,,-2.0,,,-2.0,,,,59.0,2.0,,-3.0,-3.0,,1.0,,,1.0,,
149,Vietnam,VNM,2020-01-24,,313.0,1.0,0.0,0.0,3.0,0.01,0.0,0.0,,,,,,97338583.0,308.127,32.6,7.15,4.718,6171.884,2.0,245.465,6.0,1.0,45.9,85.84700000000001,2.6,74.71,Asia,NF,20.0,97.35,68.0,58.0,8.0,6.0,1.0,20.0,,,68.0,,64.0,,68.0,,62.0,,15.0,,63.0,61.0,,5.0,,
150,Yemen,YEM,2020-04-10,2020-05-01,106.0,19.0,15.0,2.0,4.0,0.637,1.0,0.067,,,,,,29825968.0,53.508,20.3,2.9219999999999997,1.5830000000000002,1479.1470000000002,18.8,495.00300000000004,5.35,7.6,29.2,49.542,0.7,58.25,MENA,NF,11.0,54.23,25.0,-22.0,,,,20.0,,,21.0,,,,,,,,-24.0,,,,,-22.0,,
151,South Africa,ZAF,2020-03-06,2020-03-27,13524.0,785.0,247.0,9.0,228.0,13.235999999999999,4.0,0.152,,,,,,59308690.0,46.754,27.3,5.343999999999999,3.053,12294.876,18.9,200.38,5.52,8.1,33.2,43.993,2.32,22.41,SSA,F,79.0,91.4,20.0,20.0,12.0,,-43.0,20.0,9.0,,20.0,,,20.0,,10.0,,,10.0,,20.0,,,12.0,,
152,Zambia,ZMB,2020-03-19,2020-04-03,668.0,14.0,7.0,0.0,36.0,0.762,0.0,0.0,,,,,,18383956.0,22.995,17.7,2.48,1.5419999999999998,3689.2509999999997,57.5,234.49900000000002,3.94,3.1,24.7,13.937999999999999,2.0,37.0,SSA,PF,54.0,68.0,44.0,8.0,,-27.0,,26.0,10.0,,27.0,21.0,,,27.0,7.0,,,27.0,,44.0,,,1.0,,
153,Zimbabwe,ZWE,2020-03-21,2020-03-24,42.0,5.0,4.0,0.0,3.0,0.336,0.0,0.0,,,,,,14862927.0,42.729,19.6,2.822,1.882,1899.775,21.4,307.846,1.82,1.6,30.7,36.791,1.7,40.95,SSA,PF,29.0,91.4,9.0,2.0,,,-53.0,9.0,2.0,,9.0,2.0,,9.0,,-4.0,,,-4.0,,9.0,,,3.0,,
154,Taiwan,TWN,2020-01-21,2020-02-17,440.0,0.0,7.0,0.0,18.0,0.0,0.0,0.0,,,,,,23816775.0,,42.2,,8.353,,,103.95700000000001,,,,,,23.76,Asia,F,93.0,32.01,58.0,58.0,2.0,,,,,,,,,,,,,,,44.0,,,,12.0,,54.0
